{"cameraMode":{"drawMode":0,"name":"Shaded","section":"Shading Mode"},"sceneLighting":false,"audioPlay":false,"sceneViewState":{"showFog":true,"showMaterialUpdate":false,"showSkybox":false,"showFlares":true,"showImageEffects":true,"showParticleSystems":true},"in2DMode":false,"pivot":{"x":655.8257446289063,"y":229.8250732421875,"z":113.64582824707031},"rotation":{"x":-0.13629963994026185,"y":0.03476210683584213,"z":-0.00478580454364419,"w":-0.9900469183921814},"size":237.63804626464845,"orthographic":false}